{
    "loss": 1.1811668872833252,
    "accuracy": 0.8706896305084229
}